trait_id,evil,hallucination,sycophancy
evil,1.0,0.05490674823522568,0.015174420550465584
hallucination,0.05490674823522568,0.9999999403953552,-0.02639278955757618
sycophancy,0.015174420550465584,-0.02639278955757618,0.9999998807907104
