trait_id,vector_type,beta_low,beta_high,diameter,trait_score_slope
evil,random,-64.0,64.0,128.0,-0.0006410256410256416
evil,trait,-16.0,8.0,24.0,0.5065705128205128
hallucination,random,-64.0,64.0,128.0,0.02852564102564106
hallucination,trait,-8.0,8.0,16.0,0.24166666666666664
sycophancy,random,-64.0,64.0,128.0,0.001923076923076923
sycophancy,trait,-24.0,16.0,40.0,0.9753205128205128
