trait_id,evil,hallucination,sycophancy
evil,1.0,0.14482560753822327,-0.2312973439693451
hallucination,0.14482560753822327,1.0,-0.07639005780220032
sycophancy,-0.2312973439693451,-0.07639005780220032,1.0000001192092896
